{
  "main": {
    "id": "84a4cd1a40de9d4b",
    "type": "split",
    "children": [
      {
        "id": "709524a771f501d7",
        "type": "tabs",
        "dimension": 15.10948905109489,
        "children": [
          {
            "id": "c8badf394ffecb02",
            "type": "leaf",
            "state": {
              "type": "markdown",
              "state": {
                "file": "4.마일스톤/2025/1월 빌드업데이트.md",
                "mode": "source",
                "source": false
              },
              "icon": "lucide-file",
              "title": "1월 빌드업데이트"
            }
          }
        ]
      },
      {
        "id": "c7ce1fbb70847269",
        "type": "tabs",
        "dimension": 45.21897810218978,
        "children": [
          {
            "id": "75b5a411527a9433",
            "type": "leaf",
            "state": {
              "type": "markdown",
              "state": {
                "file": "빌드수정된사항/1월21일 빌드수정된사항.md",
                "mode": "source",
                "source": false
              },
              "icon": "lucide-file",
              "title": "1월21일 빌드수정된사항"
            }
          }
        ]
      },
      {
        "id": "a2067a01f465a9a0",
        "type": "tabs",
        "dimension": 39.67153284671533,
        "children": [
          {
            "id": "e1c5a2dd13561def",
            "type": "leaf",
            "state": {
              "type": "markdown",
              "state": {
                "file": "라이브이슈/라이브이슈.md",
                "mode": "source",
                "source": false
              },
              "icon": "lucide-file",
              "title": "라이브이슈"
            }
          }
        ]
      }
    ],
    "direction": "vertical"
  },
  "left": {
    "id": "3845781293ace0a1",
    "type": "split",
    "children": [
      {
        "id": "3fc576d89e6e3c4f",
        "type": "tabs",
        "children": [
          {
            "id": "51f80d908fe8280f",
            "type": "leaf",
            "state": {
              "type": "file-explorer",
              "state": {
                "sortOrder": "alphabetical"
              },
              "icon": "lucide-folder-closed",
              "title": "파일 탐색기"
            }
          },
          {
            "id": "cc7276cd060edd9b",
            "type": "leaf",
            "state": {
              "type": "search",
              "state": {
                "query": "",
                "matchingCase": false,
                "explainSearch": true,
                "collapseAll": false,
                "extraContext": false,
                "sortOrder": "alphabetical"
              },
              "icon": "lucide-search",
              "title": "검색"
            }
          },
          {
            "id": "8e8aa3cc97b7e52e",
            "type": "leaf",
            "state": {
              "type": "bookmarks",
              "state": {},
              "icon": "lucide-bookmark",
              "title": "Bookmarks"
            }
          }
        ]
      }
    ],
    "direction": "horizontal",
    "width": 402.5110321044922
  },
  "right": {
    "id": "5a6a1fb1ef0e0fe8",
    "type": "split",
    "children": [
      {
        "id": "5ac2c0f61b9720cb",
        "type": "tabs",
        "children": [
          {
            "id": "4976630f153f0223",
            "type": "leaf",
            "state": {
              "type": "backlink",
              "state": {
                "file": "BTSW2-develop/999.Notes/2024.10.21.md",
                "collapseAll": false,
                "extraContext": false,
                "sortOrder": "alphabetical",
                "showSearch": false,
                "searchQuery": "",
                "backlinkCollapsed": false,
                "unlinkedCollapsed": true
              },
              "icon": "links-coming-in",
              "title": "2024.10.21의 백링크"
            }
          },
          {
            "id": "15253368d1ae8167",
            "type": "leaf",
            "state": {
              "type": "outgoing-link",
              "state": {
                "file": "BTSW2-develop/999.Notes/2024.10.21.md",
                "linksCollapsed": false,
                "unlinkedCollapsed": true
              },
              "icon": "links-going-out",
              "title": "2024.10.21의 나가는 링크"
            }
          },
          {
            "id": "0518f980278a0e73",
            "type": "leaf",
            "state": {
              "type": "tag",
              "state": {
                "sortOrder": "frequency",
                "useHierarchy": true
              },
              "icon": "lucide-tags",
              "title": "Tags"
            }
          },
          {
            "id": "ebe75b1e5fbc0b7d",
            "type": "leaf",
            "state": {
              "type": "all-properties",
              "state": {
                "sortOrder": "frequency",
                "showSearch": false,
                "searchQuery": ""
              },
              "icon": "lucide-archive",
              "title": "All properties"
            }
          },
          {
            "id": "b2474e6b8c64e990",
            "type": "leaf",
            "state": {
              "type": "outline",
              "state": {
                "file": "BTSW2-develop/999.Notes/2024.10.21.md"
              },
              "icon": "lucide-list",
              "title": "2024.10.21 개요"
            }
          },
          {
            "id": "0e591690a7bb1bfd",
            "type": "leaf",
            "state": {
              "type": "calendar",
              "state": {},
              "icon": "calendar-with-checkmark",
              "title": "Calendar"
            }
          }
        ]
      }
    ],
    "direction": "horizontal",
    "width": 300,
    "collapsed": true
  },
  "left-ribbon": {
    "hiddenItems": {
      "switcher:퀵 스위처 열기": false,
      "graph:그래프 뷰 열기": false,
      "canvas:새 캔버스 만들기": false,
      "daily-notes:오늘의 데일리 노트 열기": false,
      "templates:템플릿 삽입": false,
      "command-palette:명령어 팔레트 열기": false,
      "random-note:랜덤 노트 열기": false,
      "workspaces:작업 공간 레이아웃 관리": false,
      "obsidian-git:Open Git source control": false,
      "mermaid-tools:Open Mermaid Toolbar": false,
      "obsidian42-brat:BRAT": false,
      "templater-obsidian:Templater": false
    }
  },
  "active": "e1c5a2dd13561def",
  "lastOpenFiles": [
    "빌드수정된사항/1월21일 빌드수정된사항.md",
    "라이브이슈/라이브이슈.md",
    "4.마일스톤/2025/1월 빌드업데이트.md",
    "5.매일매일/2024/12월/2024.12.20.md",
    "5.매일매일/2024/12월/2024.12.19.md",
    "라이브이슈/1231 CDN Patch.md",
    "999.Notes/결제내역.md",
    "999.Notes/Pasted image 20241219152330.png",
    "4.마일스톤/2025/무제 파일.md",
    "2.System/5.퍼즐 - 교남/퍼즐모드-스킬선택.md",
    "3.Task/2025/1월/마일리지상점 - 구매시 수량조절 기능 추가.md",
    "3.Task/2025/1월/기간제상점 - 시간정보 추가.md",
    "2.System/33.뮤직박스/뮤직박스.md",
    "2.System/5.퍼즐 - 교남/스킬-쉴드.md",
    "2.System/28.매직샵레벨업/매직샵레벨업.md",
    "2.System/27.멤버카드이벤트/멤버카드이벤트.md",
    "2.System/26.방방클라우드/방방클라우드.md",
    "2.System/25.이벤트스테이지/이벤트스테이지.md",
    "UniTask.md",
    "Template/DailyNote.md",
    "개발규약.md",
    "런칭일정/마케팅.md",
    "5.매일매일/2024/12월/2024.12.16.md",
    "999.Notes/2024.12.16.md",
    "999.Notes/Pasted image 20241018150546.png",
    "999.Notes/Pasted image 20241018150243.png",
    "999.Notes/Pasted image 20241018150240.png",
    "999.Notes/photo_2024-10-14_14-37-42.jpg",
    "4.마일스톤/2025/2월 빌드업데이트.md",
    "빌드수정된사항",
    "라이브이슈",
    "5.매일매일/2024/12월/2024.12.10.md",
    "5.매일매일/2024/12월/2024.12.02.md",
    "5.매일매일/2025",
    "5.매일매일/2024",
    "5.매일매일/2024/12월",
    "5.매일매일/2024/11월",
    "5.매일매일/2024/10월",
    "3.Task/2025/1월",
    "3.Task/2025",
    "3.Task/2024"
  ]
}